{"schemaVersion":"1.0","appDefinitionTemplate":{"id":"/providers/Microsoft.PowerApps/apps/","type":"Microsoft.PowerApps/apps","tags":{"primaryDeviceWidth":"1366","primaryDeviceHeight":"768","sienaVersion":"20210211T111123Z-3.21014.45.0","deviceCapabilities":"","supportsPortrait":"false","supportsLandscape":"true","primaryFormFactor":"Tablet","publisherVersion":"3.21014.45","minimumRequiredApiVersion":"2.2.0","hasComponent":"true","hasUnlockedComponent":"true","isUnifiedRootApp":"false"},"properties":{"appVersion":"2021-02-11T11:11:23Z","lifeCycleId":"Published","createdByClientVersion":{"major":3,"minor":21014,"build":45,"revision":0,"majorRevision":0,"minorRevision":0},"minClientVersion":{"major":3,"minor":21014,"build":45,"revision":0,"majorRevision":0,"minorRevision":0},"backgroundColor":"rgba(0, 176, 240, 1)","backgroundImageUri":"/2874222233796062673/Nab8ca18e-3ad9-480a-898c-a66112333c4f-logoSmallFile","displayName":"Employee Registration App","description":"","commitMessage":"Final Save.","appUris":{"documentUri":{"value":"/2874222233796062673/N3ffb38c5-af36-430d-95f7-d3226d12c8a5-document.msapp"},"imageUris":[]},"createdTime":"0001-01-01T00:00:00Z","lastModifiedTime":"0001-01-01T00:00:00Z","sharedGroupsCount":0,"sharedUsersCount":0,"icons":{"smallIconUri":"/2874222233796062673/Ne4798f01-75be-46c5-a833-5ebadc8bfbbf-small.png","mediumIconUri":"/2874222233796062673/N407f068c-dea8-4fc0-9397-26f51dd9c541-medium.png","largeIconUri":"/2874222233796062673/Nc213f9ff-2a7d-480b-96d4-d3a07e7dda43-large.png","wideIconUri":"/2874222233796062673/N72ee7905-26f7-40dd-acda-648000b54348-wide.png"},"connectionReferences":{"b9546d61-f8a9-42ce-90fa-eb1c7f8140d5":{"id":"7cb967dc-c074-4b02-a214-2d3a2ffb30c7","displayName":"SharePoint","iconUri":"https://connectoricons-prod.azureedge.net/releases/v1.0.1431/1.0.1431.2301/sharepointonline/icon.png","dataSources":["Employee List","HR Admins"],"dependencies":[],"dependents":["e0fc7c61-cba6-4826-a237-d63fccc04e5a","2608a4c4-c5b6-4649-8e18-5f06384c862a"],"parameterHints":{},"isOnPremiseConnection":false,"bypassConsent":false,"dataSets":{"https://cloudthat365.sharepoint.com/sites/TestSite":{"dataSources":{"Employee List":{"tableName":"f0fb3ad9-b2ca-4af2-a644-a38c97fb4e82"},"HR Admins":{"tableName":"375ef49a-b84e-498a-92fa-22f51d3b3ebc"}}}},"apiTier":"Standard","isCustomApiConnection":false},"f4d26bc4-4cec-416c-8310-b003f6e2cb99":{"id":"685a3190-fe92-4116-a6aa-7d05768a9d24","displayName":"Office 365 Users","iconUri":"https://connectoricons-prod.azureedge.net/releases/v1.0.1430/1.0.1430.2296/office365users/icon.png","dataSources":["Office365Users"],"dependencies":[],"dependents":[],"parameterHints":{},"isOnPremiseConnection":false,"bypassConsent":false,"dataSets":{},"apiTier":"Standard","isCustomApiConnection":false,"actions":["MyProfileV2","ManagerV2"]},"e0fc7c61-cba6-4826-a237-d63fccc04e5a":{"id":"d88e8705-5c83-4b63-937c-2acc74f4672b","displayName":"Logic flows","iconUri":"https://connectoricons-prod.azureedge.net/releases/v1.0.1438/1.0.1438.2324/logicflows/icon.png","dataSources":["CreatePDFforEmployeeRecord"],"dependencies":["b6ec10fd-ad59-4489-ba9c-018a2e6ab3f0","b9546d61-f8a9-42ce-90fa-eb1c7f8140d5"],"dependents":[],"parameterHints":{"workflowName":{"value":"9fac7dcd-1dc0-4fbf-8ab2-1f24a14a033b"},"b6ec10fd-ad59-4489-ba9c-018a2e6ab3f0":{"value":"shared_onedriveforbusiness"},"b9546d61-f8a9-42ce-90fa-eb1c7f8140d5":{"value":"shared_sharepointonline"}},"isOnPremiseConnection":false,"bypassConsent":false,"dataSets":{},"apiTier":"Standard","isCustomApiConnection":false,"actions":["Run"]},"b6ec10fd-ad59-4489-ba9c-018a2e6ab3f0":{"id":"573776db-415e-4da6-8a9d-af8eb103e7d5","displayName":"OneDrive for Business","iconUri":"https://connectoricons-prod.azureedge.net/releases/v1.0.1407/1.0.1407.2182/onedriveforbusiness/icon.png","dataSources":[],"dependencies":[],"dependents":["e0fc7c61-cba6-4826-a237-d63fccc04e5a"],"parameterHints":{},"isOnPremiseConnection":false,"bypassConsent":false,"dataSets":{},"apiTier":"Standard","isCustomApiConnection":false},"02abef16-5f7e-4d55-a583-33a9d4689bad":{"id":"d88e8705-5c83-4b63-937c-2acc74f4672b","displayName":"Logic flows","iconUri":"https://connectoricons-prod.azureedge.net/releases/v1.0.1438/1.0.1438.2324/logicflows/icon.png","dataSources":["SendSuggestions_1"],"dependencies":["d8fc2330-ee3c-4dba-9388-411577ad6997"],"dependents":[],"parameterHints":{"workflowName":{"value":"6b1078b9-8dd2-4b2e-a094-c44d327d6af8"},"d8fc2330-ee3c-4dba-9388-411577ad6997":{"value":"shared_office365"}},"isOnPremiseConnection":false,"bypassConsent":false,"dataSets":{},"apiTier":"Standard","isCustomApiConnection":false},"d8fc2330-ee3c-4dba-9388-411577ad6997":{"id":"3cda7e3b-2a6e-4a8a-a363-8020bb831135","displayName":"Office 365 Outlook","iconUri":"https://connectoricons-prod.azureedge.net/releases/v1.0.1436/1.0.1436.2319/office365/icon.png","dataSources":["Office365Outlook"],"dependencies":[],"dependents":["02abef16-5f7e-4d55-a583-33a9d4689bad"],"parameterHints":{},"isOnPremiseConnection":false,"bypassConsent":false,"dataSets":{},"apiTier":"Standard","isCustomApiConnection":false,"actions":["SendEmailV2"]},"2608a4c4-c5b6-4649-8e18-5f06384c862a":{"id":"d88e8705-5c83-4b63-937c-2acc74f4672b","displayName":"Logic flows","iconUri":"https://connectoricons-prod.azureedge.net/releases/v1.0.1438/1.0.1438.2324/logicflows/icon.png","dataSources":["UploadmyfilestoSharepoint"],"dependencies":["b9546d61-f8a9-42ce-90fa-eb1c7f8140d5"],"dependents":[],"parameterHints":{"workflowName":{"value":"bb2a9100-084e-4285-8bac-813f8e83c1d8"},"b9546d61-f8a9-42ce-90fa-eb1c7f8140d5":{"value":"shared_sharepointonline"}},"isOnPremiseConnection":false,"bypassConsent":false,"dataSets":{},"apiTier":"Standard","isCustomApiConnection":false,"actions":["Run"]}},"databaseReferences":{},"almMode":"Environment","performanceOptimizationEnabled":true,"canConsumeAppPass":true,"executionRestrictions":{"isTeamsOnly":false,"dataLossPreventionEvaluationResult":{"status":"Compliant","lastEvaluationDate":"2021-02-08T11:56:57.4929136Z","violationDetails":[]}}},"isAppComponentLibrary":false,"appType":"ClassicCanvasApp","appComponents":[]}}