{"name":"604133a5-e8a1-436e-8a4d-5398c68b003c","id":"/providers/Microsoft.Flow/flows/604133a5-e8a1-436e-8a4d-5398c68b003c","type":"Microsoft.Flow/flows","properties":{"apiId":"/providers/Microsoft.PowerApps/apis/shared_logicflows","displayName":"Send Suggestions","definition":{"metadata":{"workflowEntityId":null,"flowclientsuspensionreason":"None","flowclientsuspensiontime":null,"creator":{"id":"905a8740-5b42-46d1-8eea-1b6c80e09a3a","type":"User","tenantId":"815db2f7-1e3a-438f-8bdd-e55de825adee"},"provisioningMethod":"FromDefinition","failureAlertSubscription":true,"clientLastModifiedTime":"2021-02-10T20:34:40.1067324Z"},"$schema":"https://schema.management.azure.com/providers/Microsoft.Logic/schemas/2016-06-01/workflowdefinition.json#","contentVersion":"1.0.0.0","parameters":{"$connections":{"defaultValue":{},"type":"Object"},"$authentication":{"defaultValue":{},"type":"SecureObject"}},"triggers":{"manual":{"type":"Request","kind":"PowerApp","inputs":{"schema":{"type":"object","properties":{"Initializevariable2_Value":{"type":"string","description":"Enter initial value","x-ms-powerflows-param-ispartial":false},"Initializevariable_Value":{"type":"boolean","description":"Enter initial value","x-ms-powerflows-param-ispartial":false}},"required":["Initializevariable2_Value","Initializevariable_Value"]}}}},"actions":{"Send_email_with_options":{"runAfter":{"Initialize_variable_2":["Succeeded"]},"type":"OpenApiConnectionWebhook","inputs":{"host":{"apiId":"/providers/Microsoft.PowerApps/apis/shared_office365","connectionName":"shared_office365","operationId":"SendMailWithOptions"},"parameters":{"optionsEmailSubscription/Message/To":"swastir@cloudthat.com","optionsEmailSubscription/Message/Subject":"Suggestions from - ","optionsEmailSubscription/Message/Options":"Approve, Reject","optionsEmailSubscription/Message/Body":"Hi, \nHere is a suggestion from  regarding Employee Resgistration App. Please go through the same.\nHere is a <a href = 'https://apps.powerapps.com/play/ca95284c-00b4-42ed-af8f-5940c8f847b2?tenantId=815db2f7-1e3a-438f-8bdd-e55de825adee&EmpID=@{variables('EmpId')}' > link </a>\n\n@{variables('suggestion')}\n","optionsEmailSubscription/Message/Importance":"Normal","optionsEmailSubscription/Message/HideHTMLMessage":false,"optionsEmailSubscription/Message/ShowHTMLConfirmationDialog":false},"authentication":{"value":"@json(decodeBase64(triggerOutputs().headers['X-MS-APIM-Tokens']))['$ConnectionKey']","type":"Raw"}}},"Initialize_variable":{"runAfter":{},"type":"InitializeVariable","inputs":{"variables":[{"name":"suggestion","type":"boolean","value":"@triggerBody()['Initializevariable_Value']"}]}},"Initialize_variable_2":{"runAfter":{"Initialize_variable":["Succeeded"]},"type":"InitializeVariable","inputs":{"variables":[{"name":"EmpId","type":"string","value":"@{triggerBody()['Initializevariable2_Value']}"}]}}}},"connectionReferences":{"shared_office365":{"connectionName":"shared-office365-6db9770e-0544-47fb-952b-731f-bbe844b9","source":"Invoker","id":"/providers/Microsoft.PowerApps/apis/shared_office365","tier":"NotSpecified"}},"flowFailureAlertSubscribed":false}}