{"name":"ed1568fe-6065-4f24-be6b-69fc805c4cb0","id":"/providers/Microsoft.Flow/flows/ed1568fe-6065-4f24-be6b-69fc805c4cb0","type":"Microsoft.Flow/flows","properties":{"apiId":"/providers/Microsoft.PowerApps/apis/shared_logicflows","displayName":"Create PDF for Employee Record","definition":{"metadata":{"workflowEntityId":null,"flowclientsuspensionreason":"None","flowclientsuspensiontime":null,"creator":{"id":"905a8740-5b42-46d1-8eea-1b6c80e09a3a","type":"User","tenantId":"815db2f7-1e3a-438f-8bdd-e55de825adee"},"provisioningMethod":"FromDefinition","failureAlertSubscription":true,"clientLastModifiedTime":"2021-02-10T11:00:43.4894067Z"},"$schema":"https://schema.management.azure.com/providers/Microsoft.Logic/schemas/2016-06-01/workflowdefinition.json#","contentVersion":"1.0.0.0","parameters":{"$connections":{"defaultValue":{},"type":"Object"},"$authentication":{"defaultValue":{},"type":"SecureObject"}},"triggers":{"manual":{"type":"Request","kind":"PowerApp","inputs":{"schema":{"type":"object","properties":{"HtmlContent_Value":{"type":"string","description":"Enter initial value","x-ms-powerflows-param-ispartial":false},"FileNameVar_Value":{"type":"string","description":"Enter initial value","x-ms-powerflows-param-ispartial":false}},"required":["HtmlContent_Value","FileNameVar_Value"]}}}},"actions":{"HtmlContent":{"runAfter":{},"type":"InitializeVariable","inputs":{"variables":[{"name":"var1","type":"string","value":"@{triggerBody()['HtmlContent_Value']}"}]}},"FileNameVar":{"runAfter":{"HtmlContent":["Succeeded"]},"type":"InitializeVariable","inputs":{"variables":[{"name":"var2","type":"string","value":"@{triggerBody()['FileNameVar_Value']}"}]}},"Initialize_variable":{"runAfter":{"FileNameVar":["Succeeded"]},"type":"InitializeVariable","inputs":{"variables":[{"name":"var3","type":"string","value":"@{concat(variables('var2'),'.html')}"}]}},"Create_file":{"runAfter":{"Initialize_variable":["Succeeded"]},"type":"OpenApiConnection","inputs":{"host":{"apiId":"/providers/Microsoft.PowerApps/apis/shared_onedriveforbusiness","connectionName":"shared_onedriveforbusiness","operationId":"CreateFile"},"parameters":{"folderPath":"/Test","name":"@variables('var3')","body":"@variables('var1')"},"authentication":{"value":"@json(decodeBase64(triggerOutputs().headers['X-MS-APIM-Tokens']))['$ConnectionKey']","type":"Raw"}},"runtimeConfiguration":{"contentTransfer":{"transferMode":"Chunked"}}},"Convert_file_using_path":{"runAfter":{"Create_file":["Succeeded"]},"type":"OpenApiConnection","inputs":{"host":{"apiId":"/providers/Microsoft.PowerApps/apis/shared_onedriveforbusiness","connectionName":"shared_onedriveforbusiness","operationId":"ConvertFileByPath"},"parameters":{"path":"@outputs('Create_file')?['body/Path']","type":"PDF"},"authentication":{"value":"@json(decodeBase64(triggerOutputs().headers['X-MS-APIM-Tokens']))['$ConnectionKey']","type":"Raw"}}},"Create_file_2":{"runAfter":{"Convert_file_using_path":["Succeeded"]},"type":"OpenApiConnection","inputs":{"host":{"apiId":"/providers/Microsoft.PowerApps/apis/shared_sharepointonline","connectionName":"shared_sharepointonline","operationId":"CreateFile"},"parameters":{"dataset":"https://cloudthat365.sharepoint.com/sites/TestSite","folderPath":"/My document Lib","name":"@outputs('Convert_file_using_path')?['headers/x-ms-file-name']","body":"@outputs('Convert_file_using_path')?['body']"},"authentication":{"value":"@json(decodeBase64(triggerOutputs().headers['X-MS-APIM-Tokens']))['$ConnectionKey']","type":"Raw"}},"runtimeConfiguration":{"contentTransfer":{"transferMode":"Chunked"}}}}},"connectionReferences":{"shared_onedriveforbusiness":{"connectionName":"shared-onedriveforbu-c453c5d0-4762-47d7-ba66-385a-2a063a98","source":"Invoker","id":"/providers/Microsoft.PowerApps/apis/shared_onedriveforbusiness","tier":"NotSpecified"},"shared_sharepointonline":{"connectionName":"1c39f62c63b14a439f42a4013b394459","source":"Invoker","id":"/providers/Microsoft.PowerApps/apis/shared_sharepointonline","tier":"NotSpecified"}},"flowFailureAlertSubscribed":false}}